case_id,track_id,frame_id,timestamp_ms,agent_type,x,y,vx,vy,psi_rad,length,width
5,1,1,100,others,322.413,209.931,33.583,-4.404,6.153,4.042,1.594
5,2,1,100,others,340.91,211.286,36.382,-5.257,6.14,4.626,1.89
5,3,1,100,others,265.496,212.025,25.841,-2.105,6.202,4.528,1.946
5,4,1,100,others,352.631,205.432,33.316,-5.318,6.125,4.648,1.804
5,5,1,100,agent,379.376,197.342,31.351,-5.908,6.097,5.024,2.258
5,6,1,100,others,168.978,219.884,35.928,0.054,0.001,7.145,2.162
5,7,1,100,others,251.84,212.218,26.1,-1.769,6.215,4.857,1.978
5,8,1,100,others,110.833,214.108,24.506,1.192,0.048,13.227,2.687
5,1,2,200,others,325.101,209.573,33.592,-4.482,6.15,4.042,1.594
5,2,2,200,others,343.821,210.861,36.38,-5.347,6.137,4.626,1.89
5,3,2,200,others,267.564,211.856,25.841,-2.154,6.2,4.528,1.946
5,4,2,200,others,355.297,205.002,33.35,-5.402,6.122,4.648,1.804
5,5,2,200,agent,381.884,196.868,31.352,-5.964,6.095,5.024,2.258
5,6,2,200,others,171.854,219.884,35.937,-0.035,6.282,7.145,2.162
5,7,2,200,others,253.928,212.073,26.089,-1.818,6.213,4.857,1.978
5,8,2,200,others,112.796,214.202,24.523,1.15,0.047,13.227,2.687
5,1,3,300,others,327.79,209.21,33.6,-4.56,6.148,4.042,1.594
5,2,3,300,others,346.732,210.429,36.377,-5.438,6.135,4.626,1.89
5,3,3,300,others,269.632,211.682,25.839,-2.204,6.198,4.528,1.946
5,4,3,300,others,357.967,204.566,33.383,-5.486,6.12,4.648,1.804
5,5,3,300,agent,384.393,196.389,31.353,-6.019,6.094,5.024,2.258
5,6,3,300,others,174.731,219.877,35.944,-0.123,6.28,7.145,2.162
5,7,3,300,others,256.015,211.924,26.078,-1.866,6.211,4.857,1.978
5,8,3,300,others,114.76,214.293,24.539,1.108,0.045,13.227,2.687
5,1,4,400,others,330.479,208.841,33.606,-4.638,6.146,4.042,1.594
5,2,4,400,others,349.642,209.991,36.374,-5.528,6.133,4.626,1.89
5,3,4,400,others,271.7,211.504,25.836,-2.253,6.196,4.528,1.946
5,4,4,400,others,360.639,204.123,33.416,-5.57,6.118,4.648,1.804
5,5,4,400,agent,386.902,195.906,31.353,-6.075,6.092,5.024,2.258
5,6,4,400,others,177.607,219.863,35.95,-0.21,6.277,7.145,2.162
5,7,4,400,others,258.101,211.773,26.067,-1.915,6.209,4.857,1.978
5,8,4,400,others,116.725,214.38,24.553,1.066,0.043,13.227,2.687
5,1,5,500,others,333.168,208.467,33.612,-4.715,6.144,4.042,1.594
5,2,5,500,others,352.551,209.545,36.37,-5.618,6.13,4.626,1.89
5,3,5,500,others,273.768,211.32,25.832,-2.302,6.194,4.528,1.946
5,4,5,500,others,363.314,203.673,33.449,-5.653,6.116,4.648,1.804
5,5,5,500,agent,389.41,195.419,31.352,-6.131,6.091,5.024,2.258
5,6,5,500,others,180.484,219.842,35.954,-0.298,6.274,7.145,2.162
5,7,5,500,others,260.186,211.617,26.055,-1.964,6.207,4.857,1.978
5,8,5,500,others,118.692,214.464,24.566,1.024,0.042,13.227,2.687
5,1,6,600,others,335.858,208.086,33.617,-4.793,6.141,4.042,1.594
5,2,6,600,others,355.46,209.093,36.367,-5.709,6.128,4.626,1.89
5,3,6,600,others,275.835,211.131,25.827,-2.351,6.191,4.528,1.946
5,4,6,600,others,365.99,203.217,33.481,-5.737,6.113,4.648,1.804
5,5,6,600,agent,391.918,194.928,31.35,-6.187,6.089,5.024,2.258
5,6,6,600,others,183.361,219.813,35.958,-0.386,6.272,7.145,2.162
5,7,6,600,others,262.271,211.457,26.042,-2.013,6.205,4.857,1.978
5,8,6,600,others,120.659,214.544,24.578,0.982,0.04,13.227,2.687
5,1,7,700,others,338.547,207.699,33.622,-4.87,6.139,4.042,1.594
5,2,7,700,others,358.369,208.634,36.364,-5.799,6.125,4.626,1.89
5,3,7,700,others,277.901,210.938,25.822,-2.4,6.189,4.528,1.946
5,4,7,700,others,368.67,202.754,33.514,-5.82,6.111,4.648,1.804
5,5,7,700,agent,394.426,194.432,31.348,-6.243,6.087,5.024,2.258
5,6,7,700,others,186.239,219.777,35.96,-0.473,6.27,7.145,2.162
5,7,7,700,others,264.355,211.292,26.028,-2.061,6.204,4.857,1.978
5,8,7,700,others,122.626,214.621,24.589,0.94,0.038,13.227,2.687
5,1,8,800,others,341.237,207.305,33.626,-4.947,6.137,4.042,1.594
5,2,8,800,others,361.278,208.168,36.36,-5.89,6.123,4.626,1.89
5,3,8,800,others,279.967,210.74,25.817,-2.448,6.187,4.528,1.946
5,4,8,800,others,371.352,202.284,33.546,-5.904,6.109,4.648,1.804
5,5,8,800,agent,396.934,193.933,31.345,-6.3,6.086,5.024,2.258
5,6,8,800,others,189.116,219.734,35.961,-0.56,6.267,7.145,2.162
5,7,8,800,others,266.437,211.124,26.014,-2.11,6.202,4.857,1.978
5,8,8,800,others,124.594,214.694,24.599,0.898,0.037,13.227,2.687
5,9,8,800,others,96.818,221.379,36.277,2.156,0.059,4.908,2.01
5,1,9,900,others,343.927,206.905,33.629,-5.025,6.135,4.042,1.594
5,2,9,900,others,364.187,207.696,36.356,-5.981,6.121,4.626,1.89
5,3,9,900,others,282.033,210.539,25.81,-2.496,6.185,4.528,1.946
5,4,9,900,others,374.037,201.808,33.578,-5.987,6.107,4.648,1.804
5,5,9,900,agent,399.442,193.429,31.342,-6.356,6.084,5.024,2.258
5,6,9,900,others,191.992,219.684,35.962,-0.647,6.265,7.145,2.162
5,7,9,900,others,268.518,210.952,25.998,-2.158,6.2,4.857,1.978
5,8,9,900,others,126.563,214.764,24.608,0.856,0.035,13.227,2.687
5,9,9,900,others,99.716,221.548,36.296,2.066,0.056,4.908,2.01
5,1,10,1000,others,346.618,206.499,33.632,-5.102,6.132,4.042,1.594
5,2,10,1000,others,367.095,207.216,36.352,-6.072,6.118,4.626,1.89
5,3,10,1000,others,284.098,210.333,25.803,-2.544,6.183,4.528,1.946
5,4,10,1000,others,376.724,201.325,33.611,-6.071,6.104,4.648,1.804
5,5,10,1000,agent,401.949,192.921,31.338,-6.413,6.082,5.024,2.258
5,6,10,1000,others,194.869,219.626,35.963,-0.734,6.262,7.145,2.162
5,7,10,1000,others,270.598,210.777,25.982,-2.206,6.198,4.857,1.978
5,8,10,1000,others,128.532,214.83,24.617,0.814,0.033,13.227,2.687
5,9,10,1000,others,102.616,221.708,36.318,1.976,0.054,4.908,2.01
5,1,11,1100,others,349.309,206.087,33.634,-5.179,6.13,4.042,1.594
5,2,11,1100,others,370.003,206.729,36.348,-6.163,6.116,4.626,1.89
5,3,11,1100,others,286.162,210.123,25.796,-2.591,6.182,4.528,1.946
5,4,11,1100,others,379.414,200.836,33.643,-6.154,6.102,4.648,1.804
5,5,11,1100,agent,404.455,192.409,31.335,-6.47,6.08,5.024,2.258
5,6,11,1100,others,197.746,219.562,35.962,-0.821,6.26,7.145,2.162
5,7,11,1100,others,272.677,210.599,25.965,-2.255,6.196,4.857,1.978
5,8,11,1100,others,130.502,214.893,24.626,0.773,0.031,13.227,2.687
5,9,11,1100,others,105.52,221.862,36.341,1.887,0.051,4.908,2.01
5,1,12,1200,others,352,205.669,33.636,-5.256,6.128,4.042,1.594
5,2,12,1200,others,372.911,206.235,36.344,-6.254,6.113,4.626,1.89
5,3,12,1200,others,288.226,209.909,25.788,-2.638,6.18,4.528,1.946
5,4,12,1200,others,382.106,200.34,33.675,-6.238,6.1,4.648,1.804
5,5,12,1200,agent,406.96,191.892,31.332,-6.527,6.079,5.024,2.258
5,6,12,1200,others,200.624,219.49,35.961,-0.907,6.257,7.145,2.162
5,7,12,1200,others,274.754,210.416,25.948,-2.303,6.194,4.857,1.978
5,8,12,1200,others,132.472,214.953,24.634,0.731,0.03,13.227,2.687
5,9,12,1200,others,108.427,222.008,36.366,1.797,0.049,4.908,2.01
5,1,13,1300,others,354.692,205.245,33.637,-5.333,6.126,4.042,1.594
5,2,13,1300,others,375.818,205.733,36.339,-6.346,6.111,4.626,1.89
5,3,13,1300,others,290.289,209.692,25.78,-2.684,6.178,4.528,1.946
5,4,13,1300,others,384.802,199.838,33.706,-6.321,6.098,4.648,1.804
5,5,13,1300,agent,409.465,191.37,31.329,-6.585,6.077,5.024,2.258
5,6,13,1300,others,203.501,219.412,35.959,-0.994,6.255,7.145,2.162
5,7,13,1300,others,276.83,210.227,25.93,-2.351,6.192,4.857,1.978
5,8,13,1300,others,134.444,215.01,24.642,0.69,0.028,13.227,2.687
5,9,13,1300,others,111.336,222.147,36.391,1.707,0.046,4.908,2.01
5,1,14,1400,others,357.384,204.815,33.636,-5.409,6.124,4.042,1.594
5,2,14,1400,others,378.724,205.224,36.334,-6.438,6.109,4.626,1.89
5,3,14,1400,others,292.351,209.472,25.771,-2.73,6.176,4.528,1.946
5,4,14,1400,others,387.5,199.329,33.738,-6.404,6.096,4.648,1.804
5,5,14,1400,agent,411.971,190.844,31.326,-6.642,6.075,5.024,2.258
5,6,14,1400,others,206.378,219.326,35.956,-1.08,6.253,7.145,2.162
5,7,14,1400,others,278.905,210.035,25.911,-2.399,6.19,4.857,1.978
5,8,14,1400,others,136.416,215.064,24.649,0.648,0.026,13.227,2.687
5,9,14,1400,others,114.249,222.278,36.415,1.618,0.044,4.908,2.01
5,1,15,1500,others,360.076,204.378,33.635,-5.486,6.121,4.042,1.594
5,2,15,1500,others,381.63,204.708,36.329,-6.53,6.106,4.626,1.89
5,3,15,1500,others,294.413,209.248,25.762,-2.776,6.175,4.528,1.946
5,4,15,1500,others,390.2,198.813,33.769,-6.487,6.093,4.648,1.804
5,5,15,1500,agent,414.476,190.313,31.323,-6.7,6.073,5.024,2.258
5,6,15,1500,others,209.255,219.234,35.953,-1.165,6.25,7.145,2.162
5,7,15,1500,others,280.978,209.837,25.892,-2.446,6.188,4.857,1.978
5,8,15,1500,others,138.389,215.114,24.655,0.606,0.025,13.227,2.687
5,9,15,1500,others,117.164,222.402,36.438,1.528,0.042,4.908,2.01
5,1,16,1600,others,362.767,203.935,33.633,-5.563,6.119,4.042,1.594
5,2,16,1600,others,384.536,204.185,36.324,-6.622,6.104,4.626,1.89
5,3,16,1600,others,296.473,209.022,25.754,-2.822,6.173,4.528,1.946
5,4,16,1600,others,392.902,198.291,33.799,-6.571,6.091,4.648,1.804
5,5,16,1600,agent,416.982,189.776,31.32,-6.759,6.071,5.024,2.258
5,6,16,1600,others,212.13,219.136,35.949,-1.251,6.248,7.145,2.162
5,7,16,1600,others,283.05,209.636,25.872,-2.493,6.186,4.857,1.978
5,8,16,1600,others,140.362,215.162,24.66,0.565,0.023,13.227,2.687
5,9,16,1600,others,120.082,222.519,36.46,1.439,0.039,4.908,2.01
5,1,17,1700,others,365.458,203.486,33.63,-5.64,6.117,4.042,1.594
5,2,17,1700,others,387.442,203.653,36.319,-6.715,6.101,4.626,1.89
5,3,17,1700,others,298.532,208.792,25.745,-2.867,6.171,4.528,1.946
5,4,17,1700,others,395.607,197.763,33.83,-6.654,6.089,4.648,1.804
5,5,17,1700,agent,419.489,189.235,31.316,-6.817,6.07,5.024,2.258
5,6,17,1700,others,215.005,219.031,35.946,-1.337,6.246,7.145,2.162
5,7,17,1700,others,285.12,209.431,25.851,-2.54,6.184,4.857,1.978
5,8,17,1700,others,142.335,215.205,24.665,0.523,0.021,13.227,2.687
5,9,17,1700,others,123.002,222.629,36.479,1.35,0.037,4.908,2.01
5,1,18,1800,others,368.149,203.031,33.627,-5.716,6.115,4.042,1.594
5,2,18,1800,others,390.348,203.115,36.314,-6.808,6.099,4.626,1.89
5,3,18,1800,others,300.591,208.56,25.738,-2.912,6.17,4.528,1.946
5,4,18,1800,others,398.315,197.227,33.861,-6.738,6.087,4.648,1.804
5,5,18,1800,agent,421.995,188.689,31.31,-6.875,6.068,5.024,2.258
5,6,18,1800,others,217.88,218.919,35.942,-1.422,6.243,7.145,2.162
5,7,18,1800,others,287.188,209.222,25.83,-2.587,6.182,4.857,1.978
5,8,18,1800,others,144.308,215.245,24.67,0.482,0.02,13.227,2.687
5,9,18,1800,others,125.923,222.732,36.497,1.261,0.034,4.908,2.01
5,1,19,1900,others,370.84,202.571,33.623,-5.793,6.113,4.042,1.594
5,2,19,1900,others,393.253,202.569,36.308,-6.901,6.096,4.626,1.89
5,3,19,1900,others,302.648,208.324,25.732,-2.957,6.168,4.528,1.946
5,4,19,1900,others,401.025,196.686,33.892,-6.821,6.085,4.648,1.804
5,5,19,1900,agent,424.5,188.139,31.303,-6.934,6.066,5.024,2.258
5,6,19,1900,others,220.754,218.801,35.939,-1.507,6.241,7.145,2.162
5,7,19,1900,others,289.254,209.01,25.809,-2.634,6.181,4.857,1.978
5,8,19,1900,others,146.282,215.282,24.674,0.44,0.018,13.227,2.687
5,9,19,1900,others,128.846,222.829,36.512,1.173,0.032,4.908,2.01
5,1,20,2000,others,373.53,202.105,33.619,-5.869,6.11,4.042,1.594
5,2,20,2000,others,396.158,202.015,36.302,-6.994,6.094,4.626,1.89
5,3,20,2000,others,304.704,208.086,25.727,-3.003,6.167,4.528,1.946
5,4,20,2000,others,403.738,196.138,33.922,-6.905,6.083,4.648,1.804
5,5,20,2000,agent,427.004,187.583,31.295,-6.992,6.064,5.024,2.258
5,6,20,2000,others,223.628,218.676,35.936,-1.593,6.239,7.145,2.162
5,7,20,2000,others,291.318,208.796,25.788,-2.68,6.179,4.857,1.978
5,8,20,2000,others,148.257,215.316,24.678,0.398,0.016,13.227,2.687
5,9,20,2000,others,131.769,222.919,36.526,1.084,0.03,4.908,2.01
5,1,21,2100,others,376.219,201.633,33.614,-5.946,6.108,4.042,1.594
5,2,21,2100,others,399.062,201.454,36.295,-7.087,6.091,4.626,1.89
5,3,21,2100,others,306.76,207.844,25.723,-3.048,6.165,4.528,1.946
5,4,21,2100,others,406.452,195.583,33.952,-6.988,6.081,4.648,1.804
5,5,21,2100,agent,429.508,187.023,31.287,-7.051,6.062,5.024,2.258
5,6,21,2100,others,226.503,218.545,35.933,-1.678,6.236,7.145,2.162
5,7,21,2100,others,293.379,208.579,25.768,-2.726,6.177,4.857,1.978
5,8,21,2100,others,150.231,215.346,24.681,0.357,0.015,13.227,2.687
5,9,21,2100,others,134.694,223.003,36.539,0.996,0.027,4.908,2.01
5,1,22,2200,others,378.908,201.154,33.609,-6.022,6.106,4.042,1.594
5,2,22,2200,others,401.965,200.885,36.288,-7.18,6.088,4.626,1.89
5,3,22,2200,others,308.816,207.599,25.72,-3.093,6.163,4.528,1.946
5,4,22,2200,others,409.17,195.022,33.982,-7.072,6.078,4.648,1.804
5,5,22,2200,agent,432.011,186.458,31.277,-7.11,6.06,5.024,2.258
5,6,22,2200,others,229.377,218.406,35.93,-1.763,6.234,7.145,2.162
5,7,22,2200,others,295.439,208.358,25.749,-2.773,6.175,4.857,1.978
5,8,22,2200,others,152.206,215.372,24.683,0.315,0.013,13.227,2.687
5,9,22,2200,others,137.619,223.079,36.549,0.907,0.025,4.908,2.01
5,1,23,2300,others,381.596,200.67,33.605,-6.099,6.104,4.042,1.594
5,2,23,2300,others,404.868,200.308,36.281,-7.274,6.086,4.626,1.89
5,3,23,2300,others,310.873,207.351,25.719,-3.138,6.162,4.528,1.946
5,4,23,2300,others,411.889,194.454,34.011,-7.156,6.076,4.648,1.804
5,5,23,2300,agent,434.513,185.888,31.267,-7.169,6.058,5.024,2.258
5,6,23,2300,others,232.251,218.261,35.927,-1.848,6.232,7.145,2.162
5,7,23,2300,others,297.496,208.133,25.732,-2.819,6.174,4.857,1.978
5,8,23,2300,others,154.182,215.396,24.684,0.274,0.011,13.227,2.687
5,9,23,2300,others,140.544,223.148,36.559,0.818,0.022,4.908,2.01
5,1,24,2400,others,384.284,200.179,33.601,-6.176,6.102,4.042,1.594
5,2,24,2400,others,407.77,199.724,36.274,-7.368,6.083,4.626,1.89
5,3,24,2400,others,312.929,207.099,25.718,-3.184,6.16,4.528,1.946
5,4,24,2400,others,414.611,193.88,34.041,-7.24,6.074,4.648,1.804
5,5,24,2400,agent,437.015,185.313,31.256,-7.228,6.056,5.024,2.258
5,6,24,2400,others,235.124,218.109,35.925,-1.933,6.229,7.145,2.162
5,7,24,2400,others,299.552,207.905,25.717,-2.866,6.172,4.857,1.978
5,8,24,2400,others,156.157,215.415,24.685,0.233,0.009,13.227,2.687
5,9,24,2400,others,143.469,223.211,36.568,0.73,0.02,4.908,2.01
5,1,25,2500,others,386.972,199.683,33.597,-6.252,6.099,4.042,1.594
5,2,25,2500,others,410.671,199.132,36.267,-7.462,6.081,4.626,1.89
5,3,25,2500,others,314.985,206.844,25.718,-3.229,6.158,4.528,1.946
5,4,25,2500,others,417.335,193.298,34.07,-7.324,6.072,4.648,1.804
5,5,25,2500,agent,439.515,184.733,31.243,-7.287,6.054,5.024,2.258
5,6,25,2500,others,237.998,217.952,35.922,-2.018,6.227,7.145,2.162
5,7,25,2500,others,301.606,207.674,25.704,-2.912,6.17,4.857,1.978
5,8,25,2500,others,158.132,215.432,24.685,0.191,0.008,13.227,2.687
5,9,25,2500,others,146.395,223.266,36.576,0.641,0.018,4.908,2.01
5,1,26,2600,others,389.66,199.18,33.592,-6.329,6.097,4.042,1.594
5,2,26,2600,others,413.572,198.533,36.26,-7.556,6.078,4.626,1.89
5,3,26,2600,others,317.042,206.584,25.719,-3.275,6.156,4.528,1.946
5,4,26,2600,others,420.061,192.71,34.1,-7.408,6.07,4.648,1.804
5,5,26,2600,agent,442.015,184.148,31.23,-7.346,6.052,5.024,2.258
5,6,26,2600,others,240.871,217.787,35.919,-2.103,6.225,7.145,2.162
5,7,26,2600,others,303.659,207.439,25.693,-2.959,6.169,4.857,1.978
5,8,26,2600,others,160.106,215.445,24.685,0.15,0.006,13.227,2.687
5,9,26,2600,others,149.322,223.314,36.584,0.553,0.015,4.908,2.01
5,1,27,2700,others,392.347,198.671,33.588,-6.406,6.095,4.042,1.594
5,2,27,2700,others,416.472,197.926,36.252,-7.65,6.076,4.626,1.89
5,3,27,2700,others,319.098,206.32,25.721,-3.32,6.154,4.528,1.946
5,4,27,2700,others,422.79,192.115,34.13,-7.492,6.067,4.648,1.804
5,5,27,2700,agent,444.514,183.558,31.215,-7.405,6.05,5.024,2.258
5,6,27,2700,others,243.744,217.616,35.916,-2.188,6.223,7.145,2.162
5,7,27,2700,others,305.711,207.201,25.685,-3.006,6.167,4.857,1.978
5,8,27,2700,others,162.081,215.455,24.685,0.109,0.004,13.227,2.687
5,9,27,2700,others,152.249,223.354,36.591,0.464,0.013,4.908,2.01
5,1,28,2800,others,395.033,198.156,33.584,-6.483,6.093,4.042,1.594
5,2,28,2800,others,419.373,197.31,36.245,-7.744,6.073,4.626,1.89
5,3,28,2800,others,321.155,206.051,25.723,-3.366,6.153,4.528,1.946
5,4,28,2800,others,425.521,191.513,34.159,-7.577,6.065,4.648,1.804
5,5,28,2800,agent,447.012,182.964,31.199,-7.464,6.048,5.024,2.258
5,6,28,2800,others,246.617,217.439,35.913,-2.274,6.22,7.145,2.162
5,7,28,2800,others,307.764,206.96,25.679,-3.053,6.165,4.857,1.978
5,8,28,2800,others,164.056,215.461,24.684,0.068,0.003,13.227,2.687
5,9,28,2800,others,155.178,223.388,36.597,0.375,0.01,4.908,2.01
5,1,29,2900,others,397.719,197.636,33.581,-6.56,6.091,4.042,1.594
5,2,29,2900,others,422.273,196.687,36.236,-7.838,6.07,4.626,1.89
5,3,29,2900,others,323.212,205.778,25.726,-3.411,6.151,4.528,1.946
5,4,29,2900,others,428.255,190.905,34.189,-7.661,6.063,4.648,1.804
5,5,29,2900,agent,449.51,182.364,31.181,-7.523,6.046,5.024,2.258
5,6,29,2900,others,249.489,217.254,35.91,-2.359,6.218,7.145,2.162
5,7,29,2900,others,309.816,206.716,25.675,-3.1,6.164,4.857,1.978
5,8,29,2900,others,166.031,215.465,24.684,0.027,0.001,13.227,2.687
5,9,29,2900,others,158.107,223.414,36.602,0.287,0.008,4.908,2.01
5,1,30,3000,others,400.405,197.11,33.578,-6.637,6.088,4.042,1.594
5,2,30,3000,others,425.171,196.057,36.227,-7.932,6.068,4.626,1.89
5,3,30,3000,others,325.27,205.5,25.729,-3.456,6.149,4.528,1.946
5,4,30,3000,others,430.991,190.289,34.218,-7.745,6.061,4.648,1.804
5,5,30,3000,agent,452.006,181.759,31.161,-7.582,6.044,5.024,2.258
5,6,30,3000,others,252.362,217.063,35.906,-2.444,6.216,7.145,2.162
5,7,30,3000,others,311.869,206.468,25.672,-3.148,6.162,4.857,1.978
5,8,30,3000,others,168.005,215.465,24.683,-0.014,6.283,13.227,2.687
5,9,30,3000,others,161.035,223.434,36.606,0.198,0.005,4.908,2.01
5,1,31,3100,others,403.091,196.578,33.576,-6.714,6.086,4.042,1.594
5,2,31,3100,others,428.07,195.419,36.218,-8.026,6.065,4.626,1.89
5,3,31,3100,others,327.328,205.219,25.733,-3.501,6.147,4.528,1.946
5,4,31,3100,others,433.729,189.667,34.247,-7.83,6.059,4.648,1.804
5,5,31,3100,agent,454.5,181.149,31.139,-7.641,6.042,5.024,2.258
5,6,31,3100,others,255.234,216.866,35.903,-2.53,6.213,7.145,2.162
5,7,31,3100,others,313.922,206.218,25.671,-3.196,6.16,4.857,1.978
5,8,31,3100,others,169.98,215.463,24.681,-0.055,6.281,13.227,2.687
5,9,31,3100,others,163.963,223.447,36.61,0.11,0.003,4.908,2.01
5,1,32,3200,others,405.776,196.039,33.575,-6.792,6.084,4.042,1.594
5,2,32,3200,others,430.967,194.773,36.209,-8.12,6.063,4.626,1.89
5,3,32,3200,others,329.387,204.935,25.736,-3.545,6.146,4.528,1.946
5,4,32,3200,others,436.471,189.038,34.276,-7.915,6.056,4.648,1.804
5,5,32,3200,agent,456.991,180.535,31.115,-7.7,6.04,5.024,2.258
5,6,32,3200,others,258.106,216.661,35.9,-2.616,6.211,7.145,2.162
5,7,32,3200,others,315.976,205.963,25.669,-3.244,6.159,4.857,1.978
5,8,32,3200,others,171.954,215.458,24.679,-0.097,6.279,13.227,2.687
5,9,32,3200,others,166.892,223.452,36.614,0.021,0.001,4.908,2.01
5,1,33,3300,others,408.461,195.495,33.574,-6.87,6.082,4.042,1.594
5,2,33,3300,others,433.863,194.12,36.199,-8.215,6.06,4.626,1.89
5,3,33,3300,others,331.447,204.648,25.739,-3.59,6.144,4.528,1.946
5,4,33,3300,others,439.214,188.402,34.304,-7.999,6.054,4.648,1.804
5,5,33,3300,agent,459.479,179.916,31.092,-7.758,6.038,5.024,2.258
5,6,33,3300,others,260.978,216.45,35.896,-2.701,6.209,7.145,2.162
5,7,33,3300,others,318.03,205.705,25.669,-3.293,6.157,4.857,1.978
5,8,33,3300,others,173.928,215.449,24.677,-0.138,6.278,13.227,2.687
5,9,33,3300,others,169.821,223.45,36.618,-0.067,6.281,4.908,2.01
5,1,34,3400,others,411.145,194.944,33.575,-6.948,6.08,4.042,1.594
5,2,34,3400,others,436.758,193.459,36.189,-8.309,6.057,4.626,1.89
5,3,34,3400,others,333.507,204.359,25.741,-3.634,6.142,4.528,1.946
5,4,34,3400,others,441.96,187.76,34.331,-8.084,6.052,4.648,1.804
5,5,34,3400,agent,461.966,179.293,31.068,-7.817,6.036,5.024,2.258
5,6,34,3400,others,263.849,216.231,35.892,-2.787,6.206,7.145,2.162
5,7,34,3400,others,320.084,205.443,25.668,-3.342,6.155,4.857,1.978
5,8,34,3400,others,175.902,215.437,24.675,-0.179,6.276,13.227,2.687
5,9,34,3400,others,172.751,223.441,36.621,-0.156,6.279,4.908,2.01
5,1,35,3500,others,413.83,194.387,33.576,-7.026,6.077,4.042,1.594
5,2,35,3500,others,439.653,192.791,36.18,-8.403,6.055,4.626,1.89
5,3,35,3500,others,335.568,204.065,25.741,-3.678,6.141,4.528,1.946
5,4,35,3500,others,444.708,187.11,34.357,-8.169,6.05,4.648,1.804
5,5,35,3500,agent,464.45,178.664,31.043,-7.875,6.034,5.024,2.258
5,6,35,3500,others,266.721,216.007,35.887,-2.873,6.204,7.145,2.162
5,7,35,3500,others,322.137,205.176,25.668,-3.391,6.153,4.857,1.978
5,8,35,3500,others,177.876,215.422,24.673,-0.22,6.274,13.227,2.687
5,9,35,3500,others,175.681,223.425,36.624,-0.245,6.277,4.908,2.01
5,1,36,3600,others,416.515,193.823,33.579,-7.104,6.075,4.042,1.594
5,2,36,3600,others,442.547,192.114,36.169,-8.497,6.052,4.626,1.89
5,3,36,3600,others,337.628,203.766,25.741,-3.722,6.139,4.528,1.946
5,4,36,3600,others,447.458,186.453,34.383,-8.253,6.048,4.648,1.804
5,5,36,3600,agent,466.932,178.031,31.019,-7.934,6.032,5.024,2.258
5,6,36,3600,others,269.592,215.774,35.882,-2.959,6.201,7.145,2.162
5,7,36,3600,others,324.191,204.905,25.669,-3.441,6.151,4.857,1.978
5,8,36,3600,others,179.85,215.404,24.671,-0.262,6.272,13.227,2.687
5,9,36,3600,others,178.611,223.402,36.626,-0.333,6.274,4.908,2.01
5,1,37,3700,others,419.2,193.253,33.582,-7.183,6.073,4.042,1.594
5,2,37,3700,others,445.44,191.43,36.159,-8.591,6.05,4.626,1.89
5,3,37,3700,others,339.689,203.464,25.74,-3.766,6.137,4.528,1.946
5,4,37,3700,others,450.211,185.79,34.407,-8.338,6.045,4.648,1.804
5,5,37,3700,agent,469.412,177.393,30.995,-7.992,6.03,5.024,2.258
5,6,37,3700,others,272.463,215.535,35.876,-3.046,6.199,7.145,2.162
5,7,37,3700,others,326.244,204.629,25.671,-3.491,6.15,4.857,1.978
5,8,37,3700,others,181.824,215.383,24.668,-0.303,6.271,13.227,2.687
5,9,37,3700,others,181.542,223.371,36.627,-0.422,6.272,4.908,2.01
5,1,38,3800,others,421.885,192.677,33.587,-7.262,6.071,4.042,1.594
5,2,38,3800,others,448.332,190.738,36.149,-8.685,6.047,4.626,1.89
5,3,38,3800,others,341.749,203.159,25.739,-3.81,6.136,4.528,1.946
5,4,38,3800,others,452.966,185.119,34.43,-8.422,6.043,4.648,1.804
5,5,38,3800,agent,471.89,176.751,30.972,-8.051,6.029,5.024,2.258
5,6,38,3800,others,275.332,215.289,35.87,-3.132,6.197,7.145,2.162
5,7,38,3800,others,328.298,204.35,25.672,-3.541,6.148,4.857,1.978
5,8,38,3800,others,183.798,215.358,24.665,-0.345,6.269,13.227,2.687
5,9,38,3800,others,184.473,223.334,36.628,-0.51,6.269,4.908,2.01
5,1,39,3900,others,424.571,192.094,33.593,-7.341,6.069,4.042,1.594
5,2,39,3900,others,451.224,190.039,36.138,-8.779,6.045,4.626,1.89
5,3,39,3900,others,343.809,202.852,25.736,-3.853,6.134,4.528,1.946
5,4,39,3900,others,455.723,184.441,34.452,-8.507,6.041,4.648,1.804
5,5,39,3900,agent,474.366,176.103,30.948,-8.109,6.027,5.024,2.258
5,6,39,3900,others,278.202,215.037,35.864,-3.218,6.194,7.145,2.162
5,7,39,3900,others,330.352,204.068,25.674,-3.591,6.146,4.857,1.978
5,8,39,3900,others,185.772,215.329,24.661,-0.386,6.267,13.227,2.687
5,9,39,3900,others,187.404,223.29,36.629,-0.599,6.267,4.908,2.01
5,1,40,4000,others,427.257,191.505,33.6,-7.42,6.066,4.042,1.594
5,2,40,4000,others,454.115,189.332,36.127,-8.873,6.042,4.626,1.89
5,3,40,4000,others,345.869,202.541,25.732,-3.896,6.132,4.528,1.946
5,4,40,4000,others,458.481,183.757,34.473,-8.591,6.039,4.648,1.804
5,5,40,4000,agent,476.839,175.451,30.925,-8.167,6.025,5.024,2.258
5,6,40,4000,others,281.071,214.779,35.858,-3.305,6.192,7.145,2.162
5,7,40,4000,others,332.406,203.782,25.677,-3.642,6.144,4.857,1.978
5,8,40,4000,others,187.746,215.296,24.656,-0.428,6.266,13.227,2.687
5,9,40,4000,others,190.334,223.239,36.629,-0.688,6.265,4.908,2.01
5,1,41,4100,others,429.945,190.91,33.608,-7.499,6.064,4.042,1.594
5,2,41,4100,others,457.005,188.617,36.115,-8.967,6.039,4.626,1.89
5,3,41,4100,others,347.928,202.227,25.728,-3.939,6.131,4.528,1.946
5,4,41,4100,others,461.241,183.065,34.493,-8.676,6.037,4.648,1.804
5,5,41,4100,agent,479.312,174.794,30.903,-8.225,6.023,5.024,2.258
5,6,41,4100,others,283.939,214.514,35.851,-3.392,6.19,7.145,2.162
5,7,41,4100,others,334.46,203.494,25.68,-3.693,6.142,4.857,1.978
5,8,41,4100,others,189.719,215.261,24.65,-0.469,6.264,13.227,2.687
5,9,41,4100,others,193.264,223.181,36.628,-0.776,6.262,4.908,2.01
5,1,42,4200,others,432.634,190.308,33.615,-7.578,6.062,4.042,1.594
5,2,42,4200,others,459.894,187.894,36.103,-9.061,6.037,4.626,1.89
5,3,42,4200,others,349.986,201.908,25.723,-3.982,6.129,4.528,1.946
5,4,42,4200,others,464.001,182.367,34.512,-8.76,6.034,4.648,1.804
5,5,42,4200,agent,481.783,174.133,30.881,-8.283,6.021,5.024,2.258
5,6,42,4200,others,286.807,214.242,35.844,-3.479,6.187,7.145,2.162
5,7,42,4200,others,336.514,203.202,25.685,-3.745,6.14,4.857,1.978
5,8,42,4200,others,191.692,215.221,24.644,-0.511,6.262,13.227,2.687
5,9,42,4200,others,196.194,223.116,36.628,-0.865,6.26,4.908,2.01
5,1,43,4300,others,435.325,189.7,33.622,-7.658,6.06,4.042,1.594
5,2,43,4300,others,462.783,187.164,36.09,-9.154,6.034,4.626,1.89
5,3,43,4300,others,352.044,201.586,25.718,-4.025,6.127,4.528,1.946
5,4,43,4300,others,466.764,181.662,34.53,-8.844,6.032,4.648,1.804
5,5,43,4300,agent,484.252,173.467,30.859,-8.341,6.019,5.024,2.258
5,6,43,4300,others,289.674,213.962,35.837,-3.566,6.185,7.145,2.162
5,7,43,4300,others,338.569,202.905,25.69,-3.798,6.138,4.857,1.978
5,8,43,4300,others,193.664,215.178,24.637,-0.552,6.261,13.227,2.687
5,9,43,4300,others,199.124,223.044,36.627,-0.954,6.257,4.908,2.01
5,1,44,4400,others,438.017,189.085,33.628,-7.737,6.057,4.042,1.594
5,2,44,4400,others,465.67,186.426,36.077,-9.248,6.032,4.626,1.89
5,3,44,4400,others,354.101,201.261,25.714,-4.068,6.126,4.528,1.946
5,4,44,4400,others,469.528,180.95,34.547,-8.928,6.03,4.648,1.804
5,5,44,4400,agent,486.719,172.796,30.838,-8.399,6.017,5.024,2.258
5,6,44,4400,others,292.541,213.675,35.829,-3.653,6.182,7.145,2.162
5,7,44,4400,others,340.624,202.604,25.695,-3.851,6.137,4.857,1.978
5,8,44,4400,others,195.636,215.131,24.629,-0.593,6.259,13.227,2.687
5,9,44,4400,others,202.054,222.965,36.627,-1.043,6.255,4.908,2.01
5,1,45,4500,others,440.708,188.463,33.633,-7.817,6.055,4.042,1.594
5,2,45,4500,others,468.556,185.681,36.063,-9.341,6.029,4.626,1.89
5,3,45,4500,others,356.158,200.934,25.709,-4.111,6.124,4.528,1.946
5,4,45,4500,others,472.293,180.232,34.563,-9.012,6.028,4.648,1.804
5,5,45,4500,agent,489.184,172.121,30.817,-8.457,6.015,5.024,2.258
5,6,45,4500,others,295.407,213.381,35.821,-3.741,6.18,7.145,2.162
5,7,45,4500,others,342.679,202.298,25.702,-3.904,6.135,4.857,1.978
5,8,45,4500,others,197.607,215.081,24.62,-0.634,6.257,13.227,2.687
5,9,45,4500,others,204.984,222.879,36.627,-1.132,6.253,4.908,2.01
5,1,46,4600,others,443.399,187.835,33.638,-7.896,6.053,4.042,1.594
5,2,46,4600,others,471.441,184.929,36.048,-9.434,6.027,4.626,1.89
5,3,46,4600,others,358.215,200.602,25.704,-4.154,6.123,4.528,1.946
5,4,46,4600,others,475.059,179.507,34.58,-9.096,6.026,4.648,1.804
5,5,46,4600,agent,491.648,171.441,30.797,-8.515,6.013,5.024,2.258
5,6,46,4600,others,298.272,213.079,35.813,-3.829,6.177,7.145,2.162
5,7,46,4600,others,344.736,201.987,25.708,-3.958,6.133,4.857,1.978
5,8,46,4600,others,199.577,215.027,24.61,-0.675,6.256,13.227,2.687
5,9,46,4600,others,207.914,222.786,36.626,-1.221,6.25,4.908,2.01
5,1,47,4700,others,446.091,187.2,33.642,-7.976,6.051,4.042,1.594
5,2,47,4700,others,474.325,184.168,36.033,-9.527,6.024,4.626,1.89
5,3,47,4700,others,360.271,200.267,25.7,-4.196,6.121,4.528,1.946
5,4,47,4700,others,477.826,178.775,34.595,-9.18,6.024,4.648,1.804
5,5,47,4700,agent,494.11,170.757,30.777,-8.573,6.011,5.024,2.258
5,6,47,4700,others,301.137,212.771,35.805,-3.916,6.175,7.145,2.162
5,7,47,4700,others,346.792,201.673,25.716,-4.012,6.131,4.857,1.978
5,8,47,4700,others,201.546,214.97,24.6,-0.716,6.254,13.227,2.687
5,9,47,4700,others,210.843,222.687,36.626,-1.31,6.248,4.908,2.01
5,1,48,4800,others,448.783,186.559,33.646,-8.055,6.048,4.042,1.594
5,2,48,4800,others,477.206,183.401,36.018,-9.62,6.022,4.626,1.89
5,3,48,4800,others,362.327,199.929,25.694,-4.239,6.119,4.528,1.946
5,4,48,4800,others,480.594,178.036,34.611,-9.264,6.021,4.648,1.804
5,5,48,4800,agent,496.57,170.068,30.758,-8.63,6.009,5.024,2.258
5,6,48,4800,others,304.002,212.455,35.796,-4.004,6.172,7.145,2.162
5,7,48,4800,others,348.85,201.355,25.723,-4.066,6.129,4.857,1.978
5,8,48,4800,others,203.513,214.909,24.59,-0.757,6.252,13.227,2.687
5,9,48,4800,others,213.773,222.58,36.627,-1.4,6.246,4.908,2.01
5,1,49,4900,others,451.475,185.912,33.65,-8.135,6.046,4.042,1.594
5,2,49,4900,others,480.086,182.626,36.004,-9.713,6.019,4.626,1.89
5,3,49,4900,others,364.383,199.589,25.689,-4.281,6.118,4.528,1.946
5,4,49,4900,others,483.364,177.291,34.627,-9.347,6.019,4.648,1.804
5,5,49,4900,agent,499.03,169.374,30.739,-8.688,6.007,5.024,2.258
5,6,49,4900,others,306.866,212.133,35.787,-4.092,6.17,7.145,2.162
5,7,49,4900,others,350.908,201.032,25.731,-4.121,6.127,4.857,1.978
5,8,49,4900,others,205.481,214.846,24.581,-0.797,6.251,13.227,2.687
5,9,49,4900,others,216.702,222.467,36.628,-1.489,6.243,4.908,2.01
5,1,50,5000,others,454.167,185.258,33.653,-8.214,6.044,4.042,1.594
5,2,50,5000,others,482.966,181.844,35.99,-9.806,6.017,4.626,1.89
5,3,50,5000,others,366.438,199.245,25.683,-4.324,6.116,4.528,1.946
5,4,50,5000,others,486.135,176.539,34.642,-9.431,6.017,4.648,1.804
5,5,50,5000,agent,501.488,168.676,30.72,-8.746,6.006,5.024,2.258
5,6,50,5000,others,309.729,211.803,35.777,-4.18,6.167,7.145,2.162
5,7,50,5000,others,352.967,200.704,25.74,-4.177,6.125,4.857,1.978
5,8,50,5000,others,207.447,214.779,24.571,-0.838,6.249,13.227,2.687
5,9,50,5000,others,219.631,222.347,36.63,-1.579,6.241,4.908,2.01
10,1,1,100,others,469.778,176.479,24.107,-6.317,6.026,13.227,2.687
10,2,1,100,agent,374.617,197.588,30.562,-5.351,6.11,4.252,1.696
10,3,1,100,others,482.345,181.65,43.095,-11.608,6.019,5.662,2.112
10,4,1,100,others,378.55,201.226,33.576,-5.903,6.109,5.253,2.244
10,5,1,100,others,338.335,207.778,31.948,-4.634,6.138,4.673,2.01
10,6,1,100,others,286.815,209.684,25.227,-2.546,6.183,16.718,2.687
10,7,1,100,others,257.136,211.61,26.923,-1.839,6.215,4.539,1.882
10,1,2,200,others,471.708,175.973,24.103,-6.358,6.025,13.227,2.687
10,2,2,200,agent,377.06,197.158,30.561,-5.411,6.108,4.252,1.696
10,3,2,200,others,485.791,180.714,43.077,-11.736,6.017,5.662,2.112
10,4,2,200,others,381.235,200.752,33.558,-5.982,6.107,5.253,2.244
10,5,2,200,others,340.89,207.402,31.937,-4.705,6.136,4.673,2.01
10,6,2,200,others,288.833,209.478,25.223,-2.59,6.181,16.718,2.687
10,7,2,200,others,259.286,211.462,26.883,-1.884,6.213,4.539,1.882
10,1,3,300,others,473.638,175.462,24.099,-6.399,6.023,13.227,2.687
10,2,3,300,agent,379.502,196.724,30.56,-5.471,6.106,4.252,1.696
10,3,3,300,others,489.235,179.767,43.058,-11.865,6.014,5.662,2.112
10,4,3,300,others,383.919,200.27,33.54,-6.061,6.104,5.253,2.244
10,5,3,300,others,343.444,207.02,31.926,-4.776,6.133,4.673,2.01
10,6,3,300,others,290.85,209.269,25.22,-2.634,6.179,16.718,2.687
10,7,3,300,others,261.434,211.31,26.844,-1.93,6.212,4.539,1.882
10,1,4,400,others,475.567,174.948,24.094,-6.439,6.022,13.227,2.687
10,2,4,400,agent,381.946,196.286,30.56,-5.531,6.105,4.252,1.696
10,3,4,400,others,492.678,178.81,43.04,-11.993,6.011,5.662,2.112
10,4,4,400,others,386.602,199.783,33.523,-6.14,6.102,5.253,2.244
10,5,4,400,others,345.998,206.631,31.915,-4.846,6.131,4.673,2.01
10,6,4,400,others,292.867,209.057,25.217,-2.678,6.177,16.718,2.687
10,7,4,400,others,263.579,211.154,26.807,-1.975,6.21,4.539,1.882
10,1,5,500,others,477.495,174.43,24.088,-6.48,6.02,13.227,2.687
10,2,5,500,agent,384.391,195.843,30.56,-5.592,6.103,4.252,1.696
10,3,5,500,others,496.12,177.844,43.023,-12.122,6.008,5.662,2.112
10,4,5,500,others,389.283,199.289,33.504,-6.219,6.1,5.253,2.244
10,5,5,500,others,348.55,206.237,31.904,-4.916,6.129,4.673,2.01
10,6,5,500,others,294.884,208.841,25.214,-2.722,6.176,16.718,2.687
10,7,5,500,others,265.721,210.993,26.771,-2.021,6.208,4.539,1.882
10,1,6,600,others,479.422,173.911,24.082,-6.52,6.018,13.227,2.687
10,2,6,600,agent,386.837,195.395,30.559,-5.653,6.101,4.252,1.696
10,3,6,600,others,499.559,176.868,43.007,-12.25,6.005,5.662,2.112
10,4,6,600,others,391.963,198.788,33.486,-6.298,6.097,5.253,2.244
10,5,6,600,others,351.101,205.838,31.894,-4.986,6.127,4.673,2.01
10,6,6,600,others,296.901,208.622,25.21,-2.766,6.174,16.718,2.687
10,7,6,600,others,267.861,210.829,26.736,-2.066,6.206,4.539,1.882
10,1,7,700,others,481.348,173.388,24.076,-6.561,6.017,13.227,2.687
10,2,7,700,agent,389.284,194.943,30.556,-5.714,6.099,4.252,1.696
10,3,7,700,others,502.998,175.882,42.992,-12.378,6.002,5.662,2.112
10,4,7,700,others,394.641,198.282,33.467,-6.377,6.095,5.253,2.244
10,5,7,700,others,353.651,205.433,31.884,-5.055,6.125,4.673,2.01
10,6,7,700,others,298.917,208.398,25.207,-2.81,6.172,16.718,2.687
10,7,7,700,others,269.997,210.663,26.701,-2.112,6.204,4.539,1.882
10,1,8,800,others,483.273,172.862,24.07,-6.602,6.015,13.227,2.687
10,2,8,800,agent,391.731,194.486,30.552,-5.775,6.097,4.252,1.696
10,4,8,800,others,397.317,197.769,33.449,-6.456,6.092,5.253,2.244
10,5,8,800,others,356.202,205.022,31.874,-5.124,6.123,4.673,2.01
10,6,8,800,others,300.933,208.17,25.203,-2.854,6.17,16.718,2.687
10,7,8,800,others,272.131,210.493,26.668,-2.157,6.203,4.539,1.882
10,1,9,900,others,485.198,172.332,24.064,-6.642,6.013,13.227,2.687
10,2,9,900,agent,394.177,194.025,30.545,-5.837,6.096,4.252,1.696
10,4,9,900,others,399.992,197.249,33.431,-6.535,6.09,5.253,2.244
10,5,9,900,others,358.753,204.607,31.864,-5.193,6.121,4.673,2.01
10,6,9,900,others,302.947,207.938,25.201,-2.897,6.169,16.718,2.687
10,7,9,900,others,274.263,210.32,26.636,-2.203,6.201,4.539,1.882
10,1,10,1000,others,487.123,171.8,24.058,-6.683,6.012,13.227,2.687
10,2,10,1000,agent,396.623,193.559,30.536,-5.899,6.094,4.252,1.696
10,4,10,1000,others,402.665,196.723,33.413,-6.614,6.088,5.253,2.244
10,5,10,1000,others,361.302,204.186,31.853,-5.262,6.118,4.673,2.01
10,6,10,1000,others,304.961,207.702,25.199,-2.941,6.167,16.718,2.687
10,7,10,1000,others,276.392,210.143,26.605,-2.249,6.199,4.539,1.882
10,1,11,1100,others,489.047,171.264,24.053,-6.724,6.01,13.227,2.687
10,2,11,1100,agent,399.068,193.088,30.525,-5.961,6.092,4.252,1.696
10,4,11,1100,others,405.336,196.19,33.397,-6.693,6.085,5.253,2.244
10,5,11,1100,others,363.849,203.759,31.842,-5.33,6.116,4.673,2.01
10,6,11,1100,others,306.977,207.462,25.197,-2.984,6.165,16.718,2.687
10,7,11,1100,others,278.519,209.962,26.574,-2.296,6.197,4.539,1.882
10,1,12,1200,others,490.971,170.725,24.047,-6.764,6.008,13.227,2.687
10,2,12,1200,agent,401.512,192.612,30.512,-6.023,6.089,4.252,1.696
10,4,12,1200,others,408.005,195.651,33.381,-6.772,6.083,5.253,2.244
10,5,12,1200,others,366.395,203.327,31.832,-5.398,6.114,4.673,2.01
10,6,12,1200,others,308.992,207.219,25.196,-3.027,6.164,16.718,2.687
10,7,12,1200,others,280.643,209.777,26.544,-2.342,6.195,4.539,1.882
10,1,13,1300,others,492.895,170.182,24.042,-6.805,6.007,13.227,2.687
10,2,13,1300,agent,403.953,192.131,30.499,-6.086,6.087,4.252,1.696
10,4,13,1300,others,410.673,195.105,33.367,-6.851,6.08,5.253,2.244
10,5,13,1300,others,368.941,202.89,31.822,-5.466,6.112,4.673,2.01
10,6,13,1300,others,311.008,206.972,25.194,-3.07,6.162,16.718,2.687
10,7,13,1300,others,282.765,209.587,26.514,-2.388,6.194,4.539,1.882
10,1,14,1400,others,494.818,169.637,24.037,-6.846,6.005,13.227,2.687
10,2,14,1400,agent,406.393,191.645,30.484,-6.149,6.085,4.252,1.696
10,4,14,1400,others,413.339,194.553,33.354,-6.931,6.078,5.253,2.244
10,5,14,1400,others,371.487,202.448,31.812,-5.534,6.11,4.673,2.01
10,6,14,1400,others,313.023,206.722,25.191,-3.112,6.16,16.718,2.687
10,7,14,1400,others,284.885,209.395,26.485,-2.435,6.192,4.539,1.882
10,1,15,1500,others,496.74,169.088,24.032,-6.887,6.003,13.227,2.687
10,2,15,1500,agent,408.83,191.154,30.47,-6.212,6.083,4.252,1.696
10,4,15,1500,others,416.007,193.995,33.342,-7.01,6.076,5.253,2.244
10,5,15,1500,others,374.032,202.001,31.802,-5.601,6.108,4.673,2.01
10,6,15,1500,others,315.039,206.469,25.188,-3.154,6.159,16.718,2.687
10,7,15,1500,others,287.003,209.199,26.457,-2.482,6.19,4.539,1.882
10,1,16,1600,others,498.662,168.536,24.027,-6.928,6.002,13.227,2.687
10,2,16,1600,agent,411.265,190.657,30.457,-6.276,6.081,4.252,1.696
10,4,16,1600,others,418.673,193.43,33.331,-7.089,6.073,5.253,2.244
10,5,16,1600,others,376.575,201.549,31.791,-5.669,6.106,4.673,2.01
10,6,16,1600,others,317.055,206.212,25.184,-3.196,6.157,16.718,2.687
10,7,16,1600,others,289.119,209,26.428,-2.529,6.188,4.539,1.882
10,1,17,1700,others,500.584,167.98,24.022,-6.969,6,13.227,2.687
10,2,17,1700,agent,413.699,190.155,30.445,-6.34,6.079,4.252,1.696
10,4,17,1700,others,421.338,192.859,33.32,-7.168,6.071,5.253,2.244
10,5,17,1700,others,379.117,201.092,31.781,-5.736,6.104,4.673,2.01
10,6,17,1700,others,319.07,205.952,25.179,-3.237,6.155,16.718,2.687
10,7,17,1700,others,291.232,208.797,26.399,-2.576,6.186,4.539,1.882
10,2,18,1800,agent,416.132,189.647,30.434,-6.404,6.077,4.252,1.696
10,4,18,1800,others,424.002,192.281,33.31,-7.247,6.068,5.253,2.244
10,5,18,1800,others,381.658,200.631,31.773,-5.803,6.102,4.673,2.01
10,6,18,1800,others,321.085,205.687,25.173,-3.279,6.154,16.718,2.687
10,7,18,1800,others,293.343,208.59,26.371,-2.623,6.184,4.539,1.882
10,8,18,1800,others,104.967,214.015,23.84,1.031,0.041,16.882,2.687
10,2,19,1900,agent,418.566,189.134,30.423,-6.468,6.074,4.252,1.696
10,4,19,1900,others,426.664,191.696,33.301,-7.326,6.066,5.253,2.244
10,5,19,1900,others,384.198,200.164,31.765,-5.871,6.1,4.673,2.01
10,6,19,1900,others,323.099,205.419,25.165,-3.319,6.152,16.718,2.687
10,7,19,1900,others,295.451,208.379,26.343,-2.67,6.182,4.539,1.882
10,8,19,1900,others,106.872,214.095,23.854,0.996,0.04,16.882,2.687
10,2,20,2000,agent,421,188.615,30.412,-6.532,6.072,4.252,1.696
10,4,20,2000,others,429.326,191.105,33.294,-7.405,6.064,5.253,2.244
10,5,20,2000,others,386.738,199.692,31.757,-5.938,6.098,4.673,2.01
10,6,20,2000,others,325.113,205.148,25.157,-3.36,6.15,16.718,2.687
10,7,20,2000,others,297.557,208.164,26.315,-2.718,6.18,4.539,1.882
10,8,20,2000,others,108.778,214.173,23.87,0.961,0.039,16.882,2.687
10,2,21,2100,agent,423.433,188.091,30.4,-6.597,6.07,4.252,1.696
10,4,21,2100,others,431.988,190.508,33.287,-7.483,6.061,5.253,2.244
10,5,21,2100,others,389.279,199.214,31.75,-6.005,6.096,4.673,2.01
10,6,21,2100,others,327.126,204.873,25.148,-3.4,6.149,16.718,2.687
10,7,21,2100,others,299.661,207.944,26.289,-2.765,6.178,4.539,1.882
10,8,21,2100,others,110.687,214.248,23.886,0.926,0.037,16.882,2.687
10,2,22,2200,agent,425.865,187.561,30.387,-6.661,6.068,4.252,1.696
10,4,22,2200,others,434.651,189.905,33.28,-7.562,6.059,5.253,2.244
10,5,22,2200,others,391.819,198.731,31.742,-6.072,6.094,4.673,2.01
10,6,22,2200,others,329.139,204.595,25.138,-3.439,6.147,16.718,2.687
10,7,22,2200,others,301.764,207.72,26.262,-2.813,6.176,4.539,1.882
10,8,22,2200,others,112.598,214.32,23.903,0.891,0.036,16.882,2.687
10,2,23,2300,agent,428.296,187.025,30.374,-6.726,6.065,4.252,1.696
10,4,23,2300,others,437.312,189.295,33.273,-7.64,6.057,5.253,2.244
10,5,23,2300,others,394.358,198.243,31.733,-6.14,6.092,4.673,2.01
10,6,23,2300,others,331.151,204.315,25.127,-3.479,6.146,16.718,2.687
10,7,23,2300,others,303.864,207.492,26.235,-2.861,6.174,4.539,1.882
10,8,23,2300,others,114.512,214.388,23.919,0.856,0.035,16.882,2.687
10,9,23,2300,others,96.27,217.991,32.589,1.987,0.061,4.637,1.891
10,2,24,2400,agent,430.726,186.485,30.361,-6.791,6.063,4.252,1.696
10,4,24,2400,others,439.973,188.679,33.267,-7.719,6.055,5.253,2.244
10,5,24,2400,others,396.896,197.75,31.725,-6.207,6.09,4.673,2.01
10,6,24,2400,others,333.163,204.032,25.114,-3.517,6.144,16.718,2.687
10,7,24,2400,others,305.962,207.26,26.207,-2.908,6.172,4.539,1.882
10,8,24,2400,others,116.427,214.453,23.935,0.821,0.033,16.882,2.687
10,9,24,2400,others,98.874,218.148,32.61,1.91,0.059,4.637,1.891
10,2,25,2500,agent,433.154,185.939,30.347,-6.855,6.061,4.252,1.696
10,4,25,2500,others,442.633,188.056,33.261,-7.797,6.052,5.253,2.244
10,5,25,2500,others,399.434,197.251,31.717,-6.274,6.088,4.673,2.01
10,6,25,2500,others,335.173,203.746,25.1,-3.556,6.142,16.718,2.687
10,7,25,2500,others,308.057,207.024,26.18,-2.956,6.17,4.539,1.882
10,8,25,2500,others,118.343,214.516,23.949,0.787,0.032,16.882,2.687
10,9,25,2500,others,101.48,218.298,32.634,1.833,0.056,4.637,1.891
10,2,26,2600,agent,435.58,185.388,30.333,-6.92,6.059,4.252,1.696
10,4,26,2600,others,445.294,187.428,33.255,-7.875,6.05,5.253,2.244
10,5,26,2600,others,401.971,196.748,31.71,-6.342,6.086,4.673,2.01
10,6,26,2600,others,337.18,203.458,25.085,-3.594,6.141,16.718,2.687
10,7,26,2600,others,310.151,206.784,26.153,-3.003,6.168,4.539,1.882
10,8,26,2600,others,120.259,214.575,23.963,0.753,0.031,16.882,2.687
10,9,26,2600,others,104.091,218.442,32.659,1.756,0.054,4.637,1.891
10,2,27,2700,agent,438.006,184.832,30.32,-6.985,6.057,4.252,1.696
10,4,27,2700,others,447.953,186.794,33.248,-7.953,6.048,5.253,2.244
10,5,27,2700,others,404.508,196.239,31.701,-6.409,6.084,4.673,2.01
10,6,27,2700,others,339.187,203.166,25.07,-3.632,6.139,16.718,2.687
10,7,27,2700,others,312.242,206.539,26.127,-3.051,6.166,4.539,1.882
10,8,27,2700,others,122.177,214.632,23.977,0.718,0.029,16.882,2.687
10,9,27,2700,others,106.703,218.58,32.684,1.679,0.051,4.637,1.891
10,2,28,2800,agent,440.43,184.27,30.307,-7.049,6.054,4.252,1.696
10,4,28,2800,others,450.614,186.153,33.241,-8.031,6.046,5.253,2.244
10,5,28,2800,others,407.045,195.724,31.692,-6.477,6.082,4.673,2.01
10,6,28,2800,others,341.191,202.87,25.055,-3.67,6.138,16.718,2.687
10,7,28,2800,others,314.331,206.291,26.1,-3.098,6.165,4.539,1.882
10,8,28,2800,others,124.096,214.686,23.991,0.684,0.028,16.882,2.687
10,9,28,2800,others,109.319,218.712,32.71,1.602,0.049,4.637,1.891
10,2,29,2900,agent,442.853,183.703,30.294,-7.114,6.052,4.252,1.696
10,4,29,2900,others,453.274,185.507,33.233,-8.109,6.043,5.253,2.244
10,5,29,2900,others,409.581,195.205,31.682,-6.544,6.08,4.673,2.01
10,6,29,2900,others,343.195,202.572,25.04,-3.708,6.136,16.718,2.687
10,7,29,2900,others,316.418,206.038,26.073,-3.145,6.163,4.539,1.882
10,8,29,2900,others,126.016,214.738,24.004,0.651,0.027,16.882,2.687
10,9,29,2900,others,111.936,218.838,32.735,1.525,0.047,4.637,1.891
10,2,30,3000,agent,445.276,183.13,30.281,-7.179,6.05,4.252,1.696
10,4,30,3000,others,455.934,184.853,33.223,-8.186,6.041,5.253,2.244
10,5,30,3000,others,412.115,194.68,31.672,-6.612,6.078,4.673,2.01
10,6,30,3000,others,345.196,202.272,25.026,-3.745,6.135,16.718,2.687
10,7,30,3000,others,318.502,205.783,26.047,-3.192,6.161,4.539,1.882
10,8,30,3000,others,127.937,214.786,24.016,0.617,0.025,16.882,2.687
10,9,30,3000,others,114.557,218.957,32.76,1.448,0.044,4.637,1.891
10,2,31,3100,agent,447.699,182.552,30.267,-7.243,6.048,4.252,1.696
10,4,31,3100,others,458.593,184.194,33.212,-8.264,6.039,5.253,2.244
10,5,31,3100,others,414.648,194.149,31.662,-6.679,6.076,4.673,2.01
10,6,31,3100,others,347.197,201.97,25.012,-3.783,6.133,16.718,2.687
10,7,31,3100,others,320.585,205.524,26.02,-3.239,6.159,4.539,1.882
10,8,31,3100,others,129.86,214.832,24.027,0.583,0.024,16.882,2.687
10,9,31,3100,others,117.18,219.07,32.783,1.371,0.042,4.637,1.891
10,2,32,3200,agent,450.121,181.969,30.252,-7.308,6.046,4.252,1.696
10,4,32,3200,others,461.251,183.529,33.2,-8.341,6.037,5.253,2.244
10,5,32,3200,others,417.181,193.614,31.653,-6.747,6.073,4.673,2.01
10,6,32,3200,others,349.196,201.665,24.999,-3.82,6.131,16.718,2.687
10,7,32,3200,others,322.666,205.263,25.994,-3.287,6.157,4.539,1.882
10,8,32,3200,others,131.784,214.875,24.037,0.55,0.023,16.882,2.687
10,9,32,3200,others,119.804,219.177,32.806,1.294,0.039,4.637,1.891
10,2,33,3300,agent,452.542,181.381,30.236,-7.372,6.044,4.252,1.696
10,4,33,3300,others,463.909,182.858,33.186,-8.418,6.034,5.253,2.244
10,5,33,3300,others,419.713,193.072,31.643,-6.815,6.071,4.673,2.01
10,6,33,3300,others,351.195,201.358,24.987,-3.857,6.13,16.718,2.687
10,7,33,3300,others,324.744,204.998,25.967,-3.334,6.155,4.539,1.882
10,8,33,3300,others,133.708,214.916,24.045,0.517,0.022,16.882,2.687
10,9,33,3300,others,122.431,219.278,32.827,1.217,0.037,4.637,1.891
10,2,34,3400,agent,454.961,180.787,30.219,-7.436,6.041,4.252,1.696
10,4,34,3400,others,466.565,182.18,33.169,-8.495,6.032,5.253,2.244
10,5,34,3400,others,422.245,192.525,31.632,-6.883,6.069,4.673,2.01
10,6,34,3400,others,353.192,201.049,24.975,-3.895,6.128,16.718,2.687
10,7,34,3400,others,326.821,204.73,25.94,-3.381,6.154,4.539,1.882
10,8,34,3400,others,135.633,214.954,24.053,0.484,0.02,16.882,2.687
10,9,34,3400,others,125.06,219.371,32.847,1.14,0.035,4.637,1.891
10,2,35,3500,agent,457.378,180.189,30.202,-7.501,6.039,4.252,1.696
10,4,35,3500,others,469.22,181.497,33.152,-8.572,6.03,5.253,2.244
10,5,35,3500,others,424.775,191.971,31.621,-6.951,6.067,4.673,2.01
10,6,35,3500,others,355.189,200.737,24.964,-3.932,6.127,16.718,2.687
10,7,35,3500,others,328.896,204.459,25.913,-3.429,6.152,4.539,1.882
10,8,35,3500,others,137.559,214.989,24.059,0.452,0.019,16.882,2.687
10,9,35,3500,others,127.691,219.459,32.865,1.063,0.032,4.637,1.891
10,10,35,3500,others,103.828,213.881,23.677,1.359,0.057,16.711,2.687
10,2,36,3600,agent,459.793,179.585,30.184,-7.565,6.037,4.252,1.696
10,4,36,3600,others,471.874,180.808,33.132,-8.649,6.028,5.253,2.244
10,5,36,3600,others,427.303,191.413,31.611,-7.019,6.065,4.673,2.01
10,6,36,3600,others,357.185,200.423,24.954,-3.97,6.125,16.718,2.687
10,7,36,3600,others,330.969,204.185,25.885,-3.477,6.15,4.539,1.882
10,8,36,3600,others,139.485,215.021,24.064,0.419,0.018,16.882,2.687
10,9,36,3600,others,130.322,219.541,32.881,0.986,0.03,4.637,1.891
10,10,36,3600,others,105.721,213.988,23.702,1.319,0.055,16.711,2.687
10,2,37,3700,agent,462.206,178.977,30.167,-7.629,6.035,4.252,1.696
10,4,37,3700,others,474.525,180.112,33.111,-8.726,6.025,5.253,2.244
10,5,37,3700,others,429.831,190.849,31.601,-7.087,6.063,4.673,2.01
10,6,37,3700,others,359.18,200.107,24.943,-4.008,6.124,16.718,2.687
10,7,37,3700,others,333.04,203.906,25.857,-3.525,6.148,4.539,1.882
10,8,37,3700,others,141.41,215.05,24.069,0.387,0.016,16.882,2.687
10,9,37,3700,others,132.954,219.616,32.896,0.91,0.027,4.637,1.891
10,10,37,3700,others,107.616,214.091,23.727,1.278,0.053,16.711,2.687
10,2,38,3800,agent,464.618,178.363,30.15,-7.693,6.033,4.252,1.696
10,4,38,3800,others,477.175,179.41,33.088,-8.803,6.023,5.253,2.244
10,5,38,3800,others,432.357,190.28,31.592,-7.155,6.06,4.673,2.01
10,6,38,3800,others,361.176,199.788,24.933,-4.046,6.122,16.718,2.687
10,7,38,3800,others,335.109,203.622,25.827,-3.573,6.146,4.539,1.882
10,8,38,3800,others,143.335,215.077,24.074,0.355,0.015,16.882,2.687
10,9,38,3800,others,135.588,219.685,32.91,0.833,0.025,4.637,1.891
10,10,38,3800,others,109.514,214.192,23.754,1.237,0.052,16.711,2.687
10,2,39,3900,agent,467.03,177.743,30.133,-7.756,6.031,4.252,1.696
10,4,39,3900,others,479.823,178.702,33.065,-8.879,6.021,5.253,2.244
10,5,39,3900,others,434.883,189.704,31.584,-7.223,6.058,4.673,2.01
10,6,39,3900,others,363.171,199.466,24.922,-4.084,6.12,16.718,2.687
10,7,39,3900,others,337.175,203.334,25.797,-3.621,6.144,4.539,1.882
10,8,39,3900,others,145.262,215.102,24.077,0.323,0.014,16.882,2.687
10,9,39,3900,others,138.223,219.748,32.921,0.757,0.023,4.637,1.891
10,10,39,3900,others,111.415,214.289,23.78,1.197,0.05,16.711,2.687
10,2,40,4000,agent,469.441,177.119,30.115,-7.82,6.029,4.252,1.696
10,4,40,4000,others,482.468,177.988,33.04,-8.956,6.018,5.253,2.244
10,5,40,4000,others,437.409,189.123,31.576,-7.291,6.056,4.673,2.01
10,6,40,4000,others,365.166,199.141,24.911,-4.123,6.119,16.718,2.687
10,7,40,4000,others,339.239,203.042,25.766,-3.67,6.142,4.539,1.882
10,8,40,4000,others,147.189,215.125,24.08,0.292,0.012,16.882,2.687
10,9,40,4000,others,140.859,219.804,32.932,0.68,0.02,4.637,1.891
10,10,40,4000,others,113.319,214.382,23.806,1.156,0.048,16.711,2.687
10,2,41,4100,agent,471.851,176.489,30.096,-7.884,6.026,4.252,1.696
10,4,41,4100,others,485.11,177.268,33.014,-9.032,6.016,5.253,2.244
10,5,41,4100,others,439.935,188.536,31.567,-7.359,6.054,4.673,2.01
10,6,41,4100,others,367.16,198.814,24.899,-4.162,6.117,16.718,2.687
10,7,41,4100,others,341.301,202.748,25.734,-3.718,6.14,4.539,1.882
10,8,41,4100,others,149.116,215.145,24.082,0.26,0.011,16.882,2.687
10,9,41,4100,others,143.496,219.855,32.941,0.604,0.018,4.637,1.891
10,10,41,4100,others,115.224,214.473,23.832,1.116,0.047,16.711,2.687
10,2,42,4200,agent,474.259,175.853,30.075,-7.947,6.024,4.252,1.696
10,4,42,4200,others,487.75,176.542,32.99,-9.109,6.014,5.253,2.244
10,5,42,4200,others,442.46,187.944,31.558,-7.426,6.052,4.673,2.01
10,6,42,4200,others,369.153,198.483,24.885,-4.201,6.116,16.718,2.687
10,7,42,4200,others,343.36,202.451,25.701,-3.767,6.139,4.539,1.882
10,8,42,4200,others,151.044,215.162,24.083,0.229,0.01,16.882,2.687
10,9,42,4200,others,146.132,219.899,32.948,0.528,0.016,4.637,1.891
10,10,42,4200,others,117.132,214.56,23.858,1.075,0.045,16.711,2.687
10,2,43,4300,agent,476.665,175.213,30.054,-8.01,6.022,4.252,1.696
10,4,43,4300,others,490.386,175.81,32.966,-9.185,6.011,5.253,2.244
10,5,43,4300,others,444.984,187.347,31.55,-7.494,6.05,4.673,2.01
10,6,43,4300,others,371.145,198.149,24.871,-4.241,6.114,16.718,2.687
10,7,43,4300,others,345.417,202.151,25.667,-3.816,6.137,4.539,1.882
10,8,43,4300,others,152.971,215.177,24.084,0.198,0.009,16.882,2.687
10,9,43,4300,others,148.768,219.938,32.956,0.452,0.013,4.637,1.891
10,10,43,4300,others,119.042,214.644,23.884,1.034,0.043,16.711,2.687
10,2,44,4400,agent,479.069,174.567,30.032,-8.073,6.02,4.252,1.696
10,4,44,4400,others,493.02,175.072,32.943,-9.261,6.009,5.253,2.244
10,5,44,4400,others,447.506,186.745,31.542,-7.562,6.048,4.673,2.01
10,6,44,4400,others,373.135,197.811,24.856,-4.281,6.112,16.718,2.687
10,7,44,4400,others,347.47,201.846,25.633,-3.866,6.135,4.539,1.882
10,8,44,4400,others,154.897,215.19,24.084,0.167,0.007,16.882,2.687
10,9,44,4400,others,151.405,219.97,32.963,0.376,0.011,4.637,1.891
10,10,44,4400,others,120.952,214.725,23.91,0.994,0.042,16.711,2.687
10,2,45,4500,agent,481.47,173.917,30.011,-8.136,6.018,4.252,1.696
10,4,45,4500,others,495.653,174.328,32.922,-9.338,6.007,5.253,2.244
10,5,45,4500,others,450.028,186.137,31.534,-7.63,6.046,4.673,2.01
10,6,45,4500,others,375.123,197.47,24.841,-4.321,6.111,16.718,2.687
10,7,45,4500,others,349.52,201.537,25.598,-3.915,6.133,4.539,1.882
10,8,45,4500,others,156.824,215.201,24.084,0.136,0.006,16.882,2.687
10,9,45,4500,others,154.043,219.997,32.969,0.3,0.009,4.637,1.891
10,10,45,4500,others,122.865,214.803,23.936,0.953,0.04,16.711,2.687
10,2,46,4600,agent,483.87,173.262,29.989,-8.199,6.016,4.252,1.696
10,4,46,4600,others,498.283,173.578,32.902,-9.414,6.004,5.253,2.244
10,5,46,4600,others,452.551,185.524,31.526,-7.697,6.044,4.673,2.01
10,6,46,4600,others,377.109,197.126,24.828,-4.361,6.109,16.718,2.687
10,7,46,4600,others,351.566,201.223,25.564,-3.965,6.131,4.539,1.882
10,8,46,4600,others,158.75,215.209,24.085,0.105,0.005,16.882,2.687
10,9,46,4600,others,156.682,220.017,32.975,0.224,0.006,4.637,1.891
10,10,46,4600,others,124.779,214.878,23.963,0.913,0.038,16.711,2.687
10,2,47,4700,agent,486.267,172.602,29.968,-8.261,6.014,4.252,1.696
10,4,47,4700,others,500.914,172.822,32.883,-9.491,6.002,5.253,2.244
10,5,47,4700,others,455.073,184.905,31.518,-7.765,6.042,4.673,2.01
10,6,47,4700,others,379.093,196.778,24.815,-4.402,6.107,16.718,2.687
10,7,47,4700,others,353.609,200.907,25.531,-4.016,6.129,4.539,1.882
10,8,47,4700,others,160.676,215.216,24.085,0.074,0.003,16.882,2.687
10,9,47,4700,others,159.32,220.032,32.98,0.148,0.004,4.637,1.891
10,10,47,4700,others,126.696,214.949,23.99,0.872,0.036,16.711,2.687
10,2,48,4800,agent,488.663,171.937,29.947,-8.324,6.012,4.252,1.696
10,4,48,4800,others,503.543,172.06,32.864,-9.568,6,5.253,2.244
10,5,48,4800,others,457.595,184.281,31.509,-7.833,6.04,4.673,2.01
10,6,48,4800,others,381.076,196.427,24.804,-4.443,6.106,16.718,2.687
10,7,48,4800,others,355.651,200.587,25.497,-4.067,6.127,4.539,1.882
10,8,48,4800,others,162.603,215.22,24.085,0.043,0.002,16.882,2.687
10,9,48,4800,others,161.959,220.04,32.985,0.072,0.002,4.637,1.891
10,10,48,4800,others,128.616,215.017,24.018,0.832,0.035,16.711,2.687
10,2,49,4900,agent,491.058,171.267,29.927,-8.386,6.009,4.252,1.696
10,4,49,4900,others,506.171,171.291,32.846,-9.644,5.998,5.253,2.244
10,5,49,4900,others,460.117,183.652,31.499,-7.9,6.038,4.673,2.01
10,6,49,4900,others,383.058,196.073,24.795,-4.484,6.104,16.718,2.687
10,7,49,4900,others,357.69,200.263,25.464,-4.118,6.125,4.539,1.882
10,8,49,4900,others,164.529,215.221,24.085,0.013,0.001,16.882,2.687
10,9,49,4900,others,164.599,220.042,32.989,-0.003,6.283,4.637,1.891
10,10,49,4900,others,130.539,215.081,24.044,0.791,0.033,16.711,2.687
10,2,50,5000,agent,493.451,170.591,29.906,-8.448,6.007,4.252,1.696
10,5,50,5000,others,462.638,183.017,31.487,-7.968,6.036,4.673,2.01
10,6,50,5000,others,385.039,195.716,24.787,-4.526,6.103,16.718,2.687
10,7,50,5000,others,359.726,199.934,25.431,-4.169,6.123,4.539,1.882
10,8,50,5000,others,166.456,215.22,24.085,-0.018,6.283,16.882,2.687
10,9,50,5000,others,167.239,220.037,32.992,-0.079,6.28,4.637,1.891
10,10,50,5000,others,132.464,215.142,24.07,0.751,0.031,16.711,2.687
